State,District,Police,Ambulance,Fire,DisasterHelpline
Assam,Cachar,112,108,101,1077
Assam,Barpeta,112,108,101,1077
Assam,Dibrugarh,112,108,101,1077
Assam,Jorhat,112,108,101,1077
Assam,Nagaon,112,108,101,1077
Odisha,Puri,112,108,101,1077
Odisha,Kendrapara,112,108,101,1077
Odisha,Jagatsinghpur,112,108,101,1077
Odisha,Ganjam,112,108,101,1077
Odisha,Balasore,112,108,101,1077
Uttarakhand,Chamoli,112,108,101,1077
Uttarakhand,Rudraprayag,112,108,101,1077
Uttarakhand,Uttarkashi,112,108,101,1077
Uttarakhand,Dehradun,112,108,101,1077
Uttarakhand,Pithoragarh,112,108,101,1077
Himachal Pradesh,Kullu,112,108,101,1077
Himachal Pradesh,Mandi,112,108,101,1077
Himachal Pradesh,Kangra,112,108,101,1077
Himachal Pradesh,Chamba,112,108,101,1077
Himachal Pradesh,Shimla,112,108,101,1077
West Bengal,South 24 Parganas,112,108,101,1077
West Bengal,North 24 Parganas,112,108,101,1077
West Bengal,Purba Medinipur,112,108,101,1077
West Bengal,Howrah,112,108,101,1077
West Bengal,Kolkata,112,108,101,1077