District,Hospital,Contact,Address
Cachar,MG Model Hospital Chhotamanda,7086827357,"Chhotamanda, Cachar, Lakhipur to Sonai Road"
Cachar,Palonghat Model Hospital,9531494360,"Palonghat, Cachar"
Cachar,Silchar Medical College,9435071362,"Hailakandi Road, College Road"
Barpeta,Barpeta Medical College and Hospital,9435149330,"BMCH, Jotigaon, Barpeta, Jania Road"
Barpeta,"Barpeta Civil Hospital, Kalgachia",9957095030,"Barpeta Civil Hospital, Kalgachia, Opp. Circle Office"
Barpeta,Barpeta Road FRU,6003289286,"Ward No. 6, Barpeta Road, Infront of Manas Tiger Project Office"
Dibrugarh,Assam Medical College and Hospital,9435030173,"Barbari, Dibrugarh"
Dibrugarh,"Divisional Railway Hospital, Dibrugarh",8787606260,"Borbari Railway Colony, Dibrugarh"
Dibrugarh,Moran Tiloi CHC,8472036937,"Moran Tiloi CHC, P.O. Tiloi Nagar"
Jorhat,Jorhat Medical College,9864022132,"Kushal Konwar Path, Barbheta, Jorhat, Assam 785001"
Jorhat,Teok FRU,9435050292,"Teok FRU"
Jorhat,Titabar SDCH,9435051509,"Near Titabar Tinali"
Nagaon,Bhogeswari Phukanani Civil Hospital,8486811653,"Nagaon, N Ahmed Road"
Nagaon,Kaliabor Sub Divisional District Hospital,7002826148,"Jakhalabandha Hospital Chariali"
Nagaon,Kampur FRU,9435161317,"Vill. Kampur, P.O. Kampur"
Puri,District Headquarters Hospital Puri,9437408855,"Grand Road, Puri, Odisha"
Puri,CHC Astaranga,9938856200,"Astaranga, Puri, Odisha"
Puri,CHC Gop,9439990690,"Gop, Puri, Odisha"
Kendrapara,DHH Kendrapara,9439995995,"District Headquarters Hospital, Kendrapara, Odisha"
Kendrapara,Rajnagar Hospital,9937795697,"Rajnagar, Kendrapara, Odisha"
Kendrapara,CHC Rajkanika,9437790414,"Rajkanika, Kendrapara, Odisha"
Ganjam,City Hospital,9437203660,"Gate Bazar, Brahmapur (Berhampur), Ganjam, Odisha"
Ganjam,MKCG Medical College & Hospital,9438888888,"Brahmapur, Ganjam, Odisha"
Ganjam,CHC Hinjilicut,9439994185,"Hinjilicut, Ganjam, Odisha"
Balasore,DHH Balasore,9437156252,"District Headquarters Hospital, Balasore, Odisha"
Balasore,Rupsa CHC,9439656156,"Rupsa, Balasore, Odisha"
Balasore,Simulia CHC,8260117400,"Simulia, Balasore, Odisha"
Jagatsinghpur,Jagatsinghpur District Headquarters Hospital,9437062397,"Jagatsinghpur, Odisha"
Jagatsinghpur,Paradip Port Trust Hospital,9437081143,"Paradip, Jagatsinghpur, Odisha"
Jagatsinghpur,Tirtol CHC,9439993825,"Tirtol, Jagatsinghpur, Odisha"
Chamoli,Ayushmann Arogya Mandir Primary Health Center Type A Shaileshwar,9766217752,"AAM-PHC Type A Shaileshwar, Village Bainoli, Tehsil Karnaprayag, District Chamoli, Uttarakhand"
Chamoli,PHC Type A Malsi,6396400342,"PHC Type A Malsi, Chamoli, Uttarakhand"
Chamoli,PHC Type A Boragarh,9720692724,"PHC Type A Boragarh, Dewal, Chamoli, Uttarakhand"
Rudraprayag,PHC Type A Pathlidhar,9027919755,"Government Health Center, Pathlidhar, Rudraprayag, Uttarakhand"
Rudraprayag,PHC Type A Ghangarkhal,6396198939,"Government Health Center, Ghangarkhal, Jakholi, Rudraprayag, Uttarakhand"
Rudraprayag,PHC Type A Chopra,8979510304,"Government Health Center, Chopra, Augustmuni, Rudraprayag, Uttarakhand"
Uttarkashi,CHC Mori,8755956590,"CHC Mori, Uttarkashi, Uttarakhand"
Uttarkashi,State Allopathic Dispensary Uttron,9568689104,"State Allopathic Dispensary Uttron, Uttarkashi, Uttarakhand"
Uttarkashi,PHC Gadoli,7579124052,"PHC Gadoli, Uttarkashi, Uttarakhand"
Dehradun,Primary Health Centre Type A Dobhalwala,9456140987,"APHC Dobhalwala, Dehradun, Uttarakhand"
Dehradun,PHC Manthat Type A,9760340389,"PHC Manthat, Chakrata, Dehradun, Uttarakhand"
Dehradun,PHC Rajawala Type A,9997933902,"PHC Type A Rajawala, Sahaspur, Dehradun, Uttarakhand"
Pithoragarh,PHC Type A Jhulaghat,8445834707,"PHC Type A Jhulaghat, Pithoragarh, Uttarakhand"
Pithoragarh,PHC Type A Askot,9410961989,"PHC Type A Askot, Pithoragarh, Uttarakhand"
Pithoragarh,Primary Health Centre Type A Muwani,8946935595,"APHC Muwani, Pithoragarh, Uttarakhand"
Kullu,Regional Hospital Kullu,9418454934,"Regional Hospital Kullu, Kullu, Himachal Pradesh"
Kullu,Civil Hospital Banjar,9418270742,"Civil Hospital Banjar, Banjar, Kullu, Himachal Pradesh"
Kullu,Civil Hospital Nirmand,9459177507,"Civil Hospital Nirmand, Tehsil Nirmand, Kullu, Himachal Pradesh"
Mandi,Sri Lal Bahadur Shastri Govt Medical College and Hospital Mandi at Nerchowk,9882855945,"SLBSGMCH, Nerchowk, PO Bhangrotu, Tehsil Balh, Mandi, Himachal Pradesh"
Mandi,CHC Kataula,8679119192,"CHC Kataula, Mandi, Himachal Pradesh"
Mandi,CHC Ladbharol,7649962370,"CHC Ladbharol, Mandi, Himachal Pradesh"
Kangra,Eye Mobile Unit,9418976462,"CMO Office, Dharamshala, Kangra, Himachal Pradesh"
Kangra,Zonal Hospital Dharamshala,7832040370,"Zonal Hospital Dharamshala, Kangra, Himachal Pradesh"
Kangra,Civil Hospital Nurpur,9418201115,"Civil Hospital Nurpur, Kangra, Himachal Pradesh"
Chamba,RH Chamba,9857785521,"Pt. JLNGMC Hospital, Chamba, Himachal Pradesh"
Chamba,Civil Hospital Dalhousie,8091026247,"Civil Hospital Dalhousie, Chamba, Himachal Pradesh"
Chamba,Referral Hospital Chowari,9682364038,"Civil Hospital Chowari, Tehsil Bhattiyat, Chamba, Himachal Pradesh"
Shimla,IGMC Shimla Medical College Hospital,7018749191,"Near Lakkar Bazar, Shimla, Himachal Pradesh"
Shimla,CH Theog,9625778000,"CH Theog, Theog, Shimla, Himachal Pradesh"
Shimla,CH Jubbal,1781252022,"Near Bus Stand, VPO Jubbal, Tehsil Jubbal, Shimla, Himachal Pradesh"
South 24 Parganas,Vidyasagar State General Hospital,8336815516,"Brahma Samaj Road, Behala, Kolkata, West Bengal"
South 24 Parganas,Kakdwip Sub Divisional Hospital,9830885670,"Subhasnagar, Kakdwip, South 24 Parganas, West Bengal"
South 24 Parganas,Falta BPHC,9831434785,"Falta BPHC, Falta, South 24 Parganas, West Bengal"
North 24 Parganas,Chittaranjan National Cancer Institute,6290235004,"Street No. 299, DJ Block, Action Area-1D, New Town, North 24 Parganas, West Bengal"
North 24 Parganas,Railway Workshop Hospital Kanchrapara,9002027502,"Kanchrapara Workshop Railway Hospital, North 24 Parganas, West Bengal"
North 24 Parganas,Baranagar State General Hospital,9830370391,"104 A.K. Mukherjee Road, Baranagar, North 24 Parganas, West Bengal"
Purba Bardhaman,Community Health Centre Jamtara BPHC,8597592427,"Jamtara, Purba Bardhaman, West Bengal"
Purba Bardhaman,Jamalpur BPHC,8918770920,"Jamalpur, Purba Bardhaman, West Bengal"
Purba Bardhaman,Khandaghosh BPHC,9126318439,"Khandaghosh, Purba Bardhaman, West Bengal"
Howrah,Orthopaedic Hospital Howrah,9002022503,"222 Church Road, Howrah, West Bengal"
Howrah,Liluah Railway Hospital,9002029712,"S.N. Banerjee Road, Liluah Railway Hospital, Howrah, West Bengal"
Howrah,Belur State General Hospital,9830731954,"40 Belur Station Road, Belur, Howrah, West Bengal"
Kolkata,B.R. Singh Eastern Railway Hospital Kolkata,9002021569,"Sealdah, Kolkata 700014, West Bengal"
Kolkata,CAPF CH BSF Kolkata,9530837787,"AN Block, Salt Lake, Sector V, Kolkata, West Bengal"
Kolkata,Centenary Hospital Kolkata Port Trust,9831115804,"1 Diamond Harbour Road, Kolkata, West Bengal"