District,Shelter,Address
Cachar,Government Relief Camp Silchar,"Government Higher Secondary School, Silchar, Cachar, Assam"
Barpeta,Barpeta Relief Shelter,"Government Higher Secondary School, Barpeta, Assam"
Dibrugarh,Dibrugarh Relief Shelter,"Government Boys Higher Secondary School, Dibrugarh, Assam"
Jorhat,Jorhat Relief Shelter,"Jorhat Government Higher Secondary School, Jorhat, Assam"
Nagaon,Nagaon Relief Shelter,"Government Higher Secondary School, Nagaon, Assam"

Puri,Puri Cyclone Shelter,"Multipurpose Cyclone Shelter, Puri, Odisha"
Kendrapara,Kendrapara Cyclone Shelter,"Multipurpose Cyclone Shelter, Kendrapara, Odisha"
Ganjam,Ganjam Cyclone Shelter,"Multipurpose Cyclone Shelter, Berhampur, Ganjam, Odisha"
Balasore,Balasore Cyclone Shelter,"Multipurpose Cyclone Shelter, Balasore, Odisha"
Jagatsinghpur,Jagatsinghpur Cyclone Shelter,"Multipurpose Cyclone Shelter, Jagatsinghpur, Odisha"

Chamoli,Chamoli Relief Shelter,"Government Inter College, Gopeshwar, Chamoli, Uttarakhand"
Rudraprayag,Rudraprayag Relief Shelter,"Government Inter College, Rudraprayag, Uttarakhand"
Uttarkashi,Uttarkashi Relief Shelter,"Government Inter College, Uttarkashi, Uttarakhand"
Dehradun,Dehradun Relief Shelter,"Government Inter College, Dehradun, Uttarakhand"
Pithoragarh,Pithoragarh Relief Shelter,"Government Inter College, Pithoragarh, Uttarakhand"

Kullu,Kullu Relief Shelter,"Government Senior Secondary School, Kullu, Himachal Pradesh"
Mandi,Mandi Relief Shelter,"Government Senior Secondary School, Mandi, Himachal Pradesh"
Kangra,Kangra Relief Shelter,"Government Senior Secondary School, Dharamshala, Kangra, Himachal Pradesh"
Chamba,Chamba Relief Shelter,"Government Senior Secondary School, Chamba, Himachal Pradesh"
Shimla,Shimla Relief Shelter,"Government Senior Secondary School, Shimla, Himachal Pradesh"

South 24 Parganas,South 24 Parganas Relief Shelter,"Government High School, Kakdwip, South 24 Parganas, West Bengal"
North 24 Parganas,North 24 Parganas Relief Shelter,"Government High School, Barasat, North 24 Parganas, West Bengal"
Purba Bardhaman,Purba Bardhaman Relief Shelter,"Government High School, Bardhaman, Purba Bardhaman, West Bengal"
Howrah,Howrah Relief Shelter,"Government High School, Howrah, West Bengal"
Kolkata,Kolkata Relief Shelter,"Netaji Indoor Stadium Relief Centre, Kolkata, West Bengal"